<?xml version="1.0" encoding="UTF-8"?><rss version="2.0"
	xmlns:content="http://purl.org/rss/1.0/modules/content/"
	xmlns:wfw="http://wellformedweb.org/CommentAPI/"
	xmlns:dc="http://purl.org/dc/elements/1.1/"
	xmlns:atom="http://www.w3.org/2005/Atom"
	xmlns:sy="http://purl.org/rss/1.0/modules/syndication/"
	xmlns:slash="http://purl.org/rss/1.0/modules/slash/"
	>

<channel>
	<title>Oro Bianco &#8211; Class Watch</title>
	<atom:link href="./index.html" rel="self" type="application/rss+xml" />
	<link>./../../../index.html</link>
	<description></description>
	<lastBuildDate>Wed, 22 Mar 2023 15:26:48 +0000</lastBuildDate>
	<language>it-IT</language>
	<sy:updatePeriod>
	hourly	</sy:updatePeriod>
	<sy:updateFrequency>
	1	</sy:updateFrequency>
	<generator>https://wordpress.org/?v=6.1.1</generator>
	<item>
		<title>&#8220;Solid&#8221; Orologio da Polso</title>
		<link>./../../../prodotto/solid-orologio-da-polso/index.html</link>
					<comments>./../../../prodotto/solid-orologio-da-polso/index.html#respond</comments>
		
		<dc:creator><![CDATA[Jay]]></dc:creator>
		<pubDate>Wed, 22 Mar 2023 14:29:54 +0000</pubDate>
				<guid isPermaLink="false">./../../../index.html?post_type=product#038;p=23</guid>

					<description><![CDATA["Solid" è un orologio di lusso dal design straordinario che sicuramente catturerà l'attenzione di chiunque lo indossi. Il quadrante è leggermente bombato, creando un effetto tridimensionale che lo rende ancora più elegante.]]></description>
										<content:encoded><![CDATA[<p>&#8220;Solid&#8221; è un orologio di lusso dal design straordinario che sicuramente catturerà l&#8217;attenzione di chiunque lo indossi. Il quadrante è leggermente bombato, creando un effetto tridimensionale che lo rende ancora più elegante.</p>
<p>Disponibile in due colorazioni, Oro Bianco e Oro, l&#8217;orologio Solid presenta una cassa in acciaio inossidabile placcata in oro con una finitura lucida che gli conferisce una lucentezza straordinaria. Il quadrante presenta numeri romani in rilievo e le lancette luminescenti per una migliore leggibilità in ogni condizione di luce.</p>
<p>La cinturino dell&#8217;orologio Solid è realizzato in pelle di alta qualità, disponibile sia in colore nero che marrone, con una chiusura a fibbia che garantisce una perfetta aderenza al polso.</p>
<p>L&#8217;orologio Solid non solo è un pezzo di design, ma anche un esempio di ingegneria di precisione. Al suo interno è presente un movimento automatico di alta qualità che garantisce un&#8217;accuratezza senza pari e una riserva di carica di lunga durata.</p>
<p>In sintesi, se stai cercando un orologio di lusso che combini design accattivante, precisione e funzionalità, Solid è la scelta perfetta per te.</p>
]]></content:encoded>
					
					<wfw:commentRss>./../../../prodotto/solid-orologio-da-polso/feed/index.html</wfw:commentRss>
			<slash:comments>0</slash:comments>
		
		
			</item>
	</channel>
</rss>
