<?xml version="1.0" encoding="UTF-8"?><rss version="2.0"
	xmlns:content="http://purl.org/rss/1.0/modules/content/"
	xmlns:wfw="http://wellformedweb.org/CommentAPI/"
	xmlns:dc="http://purl.org/dc/elements/1.1/"
	xmlns:atom="http://www.w3.org/2005/Atom"
	xmlns:sy="http://purl.org/rss/1.0/modules/syndication/"
	xmlns:slash="http://purl.org/rss/1.0/modules/slash/"
	>

<channel>
	<title>Orologi da Polso &#8211; Class Watch</title>
	<atom:link href="./index.html" rel="self" type="application/rss+xml" />
	<link>./../../../index.html</link>
	<description></description>
	<lastBuildDate>Thu, 23 Mar 2023 15:07:08 +0000</lastBuildDate>
	<language>it-IT</language>
	<sy:updatePeriod>
	hourly	</sy:updatePeriod>
	<sy:updateFrequency>
	1	</sy:updateFrequency>
	<generator>https://wordpress.org/?v=6.1.1</generator>
	<item>
		<title>&#8220;IceWhite&#8221; Orologio da Polso</title>
		<link>./../../../prodotto/ice-orologio-da-polso/index.html</link>
					<comments>./../../../prodotto/ice-orologio-da-polso/index.html#respond</comments>
		
		<dc:creator><![CDATA[Jay]]></dc:creator>
		<pubDate>Thu, 23 Mar 2023 13:30:42 +0000</pubDate>
				<guid isPermaLink="false">./../../../index.html?post_type=product#038;p=93</guid>

					<description><![CDATA[L'orologio di lusso "IceWhite" è un capolavoro di ingegneria e design. Con il suo colore bianco puro, si distingue immediatamente per la sua eleganza e raffinatezza.]]></description>
										<content:encoded><![CDATA[<p>L&#8217;orologio di lusso &#8220;IceWhite&#8221; è un capolavoro di ingegneria e design. Con il suo colore bianco puro, si distingue immediatamente per la sua eleganza e raffinatezza. Il quadrante bombato è una caratteristica unica che conferisce all&#8217;orologio una sensazione di profondità e dimensione, mentre il vetro zaffiro resistente ai graffi protegge il quadrante e consente una visione chiara del tempo.</p>
<p>L&#8217;orologio &#8220;IceWhite&#8221; è costruito con materiali di alta qualità, tra cui acciaio inossidabile e ceramica, per garantire la massima durata e resistenza. La cassa solida e resistente all&#8217;acqua fino a 50 metri di profondità è dotata di una ghiera girevole unidirezionale per una facile lettura del tempo trascorso.</p>
<p>Il movimento al quarzo svizzero di alta precisione assicura la precisione del tempo e una durata lunga della batteria. L&#8217;orologio presenta anche una data a finestrella e una lancetta dei secondi per ulteriori funzioni.</p>
<p>In breve, l&#8217;orologio &#8220;IceWhite&#8221; è una scelta elegante e sofisticata per chi cerca l&#8217;eccellenza in un orologio di lusso. Con la sua combinazione di stile, durata e precisione, è sicuramente un orologio che fa la differenza.</p>
]]></content:encoded>
					
					<wfw:commentRss>./../../../prodotto/ice-orologio-da-polso/feed/index.html</wfw:commentRss>
			<slash:comments>0</slash:comments>
		
		
			</item>
		<item>
		<title>&#8220;Solid&#8221; Orologio da Polso</title>
		<link>./../../../prodotto/solid-orologio-da-polso/index.html</link>
					<comments>./../../../prodotto/solid-orologio-da-polso/index.html#respond</comments>
		
		<dc:creator><![CDATA[Jay]]></dc:creator>
		<pubDate>Wed, 22 Mar 2023 14:29:54 +0000</pubDate>
				<guid isPermaLink="false">./../../../index.html?post_type=product#038;p=23</guid>

					<description><![CDATA["Solid" è un orologio di lusso dal design straordinario che sicuramente catturerà l'attenzione di chiunque lo indossi. Il quadrante è leggermente bombato, creando un effetto tridimensionale che lo rende ancora più elegante.]]></description>
										<content:encoded><![CDATA[<p>&#8220;Solid&#8221; è un orologio di lusso dal design straordinario che sicuramente catturerà l&#8217;attenzione di chiunque lo indossi. Il quadrante è leggermente bombato, creando un effetto tridimensionale che lo rende ancora più elegante.</p>
<p>Disponibile in due colorazioni, Oro Bianco e Oro, l&#8217;orologio Solid presenta una cassa in acciaio inossidabile placcata in oro con una finitura lucida che gli conferisce una lucentezza straordinaria. Il quadrante presenta numeri romani in rilievo e le lancette luminescenti per una migliore leggibilità in ogni condizione di luce.</p>
<p>La cinturino dell&#8217;orologio Solid è realizzato in pelle di alta qualità, disponibile sia in colore nero che marrone, con una chiusura a fibbia che garantisce una perfetta aderenza al polso.</p>
<p>L&#8217;orologio Solid non solo è un pezzo di design, ma anche un esempio di ingegneria di precisione. Al suo interno è presente un movimento automatico di alta qualità che garantisce un&#8217;accuratezza senza pari e una riserva di carica di lunga durata.</p>
<p>In sintesi, se stai cercando un orologio di lusso che combini design accattivante, precisione e funzionalità, Solid è la scelta perfetta per te.</p>
]]></content:encoded>
					
					<wfw:commentRss>./../../../prodotto/solid-orologio-da-polso/feed/index.html</wfw:commentRss>
			<slash:comments>0</slash:comments>
		
		
			</item>
		<item>
		<title>&#8220;Finet&#8221; Orologio da Polso</title>
		<link>./../../../prodotto/finet-orologio-da-polso/index.html</link>
					<comments>./../../../prodotto/finet-orologio-da-polso/index.html#respond</comments>
		
		<dc:creator><![CDATA[Jay]]></dc:creator>
		<pubDate>Wed, 22 Mar 2023 14:27:12 +0000</pubDate>
				<guid isPermaLink="false">./../../../index.html?post_type=product#038;p=16</guid>

					<description><![CDATA[L'orologio di lusso disponibile in colorazioni nero, argento e oro è un'opera d'arte per il polso. Il design elegante e raffinato è studiato nei minimi dettagli per soddisfare i gusti dei veri intenditori. La sua forma snella e sottile non lo rende ingombrante come altri orologi, ma lo fa apparire ancora più prezioso e discreto.]]></description>
										<content:encoded><![CDATA[<p>L&#8217;orologio di lusso disponibile in colorazioni nero, argento e oro è un&#8217;opera d&#8217;arte per il polso. Il design elegante e raffinato è studiato nei minimi dettagli per soddisfare i gusti dei veri intenditori. La sua forma snella e sottile non lo rende ingombrante come altri orologi, ma lo fa apparire ancora più prezioso e discreto.</p>
<p>Il quadrante, con la sua finitura lucida, è adornato da eleganti indici a bastoncino, che conferiscono all&#8217;orologio un aspetto minimalista ma sofisticato. Le lancette, finemente lavorate, scorrono senza sforzo sui numeri, in modo che il tempo sia sempre leggibile in modo chiaro e preciso.</p>
<p>La cassa, realizzata in acciaio inossidabile di alta qualità, è disponibile in diverse colorazioni, tra cui il nero, l&#8217;argento e l&#8217;oro. Il cinturino in pelle di alta qualità è disponibile in tanti colori per adattarsi al proprio stile personale, mentre la fibbia a scomparsa rende facile la regolazione della misura del cinturino.</p>
<p>L&#8217;orologio di lusso è alimentato da un movimento svizzero di precisione, che garantisce l&#8217;affidabilità e l&#8217;accuratezza del tempo. Con la sua resistenza all&#8217;acqua fino a 50 metri, questo orologio è l&#8217;ideale per ogni occasione, dalle serate eleganti alle attività sportive all&#8217;aperto.</p>
<p>In sintesi, l&#8217;orologio di lusso disponibile in colorazioni nero, argento e oro è un capolavoro dell&#8217;orologeria che unisce stile, funzionalità e affidabilità in un unico prodotto elegante e raffinato.</p>
]]></content:encoded>
					
					<wfw:commentRss>./../../../prodotto/finet-orologio-da-polso/feed/index.html</wfw:commentRss>
			<slash:comments>0</slash:comments>
		
		
			</item>
	</channel>
</rss>
