<?xml version="1.0" encoding="UTF-8"?><rss version="2.0"
	xmlns:content="http://purl.org/rss/1.0/modules/content/"
	xmlns:wfw="http://wellformedweb.org/CommentAPI/"
	xmlns:dc="http://purl.org/dc/elements/1.1/"
	xmlns:atom="http://www.w3.org/2005/Atom"
	xmlns:sy="http://purl.org/rss/1.0/modules/syndication/"
	xmlns:slash="http://purl.org/rss/1.0/modules/slash/"
	>

<channel>
	<title>Bianco &#8211; Class Watch</title>
	<atom:link href="./index.html" rel="self" type="application/rss+xml" />
	<link>./../../../index.html</link>
	<description></description>
	<lastBuildDate>Thu, 23 Mar 2023 15:07:08 +0000</lastBuildDate>
	<language>it-IT</language>
	<sy:updatePeriod>
	hourly	</sy:updatePeriod>
	<sy:updateFrequency>
	1	</sy:updateFrequency>
	<generator>https://wordpress.org/?v=6.1.1</generator>
	<item>
		<title>&#8220;IceWhite&#8221; Orologio da Polso</title>
		<link>./../../../prodotto/ice-orologio-da-polso/index.html</link>
					<comments>./../../../prodotto/ice-orologio-da-polso/index.html#respond</comments>
		
		<dc:creator><![CDATA[Jay]]></dc:creator>
		<pubDate>Thu, 23 Mar 2023 13:30:42 +0000</pubDate>
				<guid isPermaLink="false">./../../../index.html?post_type=product#038;p=93</guid>

					<description><![CDATA[L'orologio di lusso "IceWhite" è un capolavoro di ingegneria e design. Con il suo colore bianco puro, si distingue immediatamente per la sua eleganza e raffinatezza.]]></description>
										<content:encoded><![CDATA[<p>L&#8217;orologio di lusso &#8220;IceWhite&#8221; è un capolavoro di ingegneria e design. Con il suo colore bianco puro, si distingue immediatamente per la sua eleganza e raffinatezza. Il quadrante bombato è una caratteristica unica che conferisce all&#8217;orologio una sensazione di profondità e dimensione, mentre il vetro zaffiro resistente ai graffi protegge il quadrante e consente una visione chiara del tempo.</p>
<p>L&#8217;orologio &#8220;IceWhite&#8221; è costruito con materiali di alta qualità, tra cui acciaio inossidabile e ceramica, per garantire la massima durata e resistenza. La cassa solida e resistente all&#8217;acqua fino a 50 metri di profondità è dotata di una ghiera girevole unidirezionale per una facile lettura del tempo trascorso.</p>
<p>Il movimento al quarzo svizzero di alta precisione assicura la precisione del tempo e una durata lunga della batteria. L&#8217;orologio presenta anche una data a finestrella e una lancetta dei secondi per ulteriori funzioni.</p>
<p>In breve, l&#8217;orologio &#8220;IceWhite&#8221; è una scelta elegante e sofisticata per chi cerca l&#8217;eccellenza in un orologio di lusso. Con la sua combinazione di stile, durata e precisione, è sicuramente un orologio che fa la differenza.</p>
]]></content:encoded>
					
					<wfw:commentRss>./../../../prodotto/ice-orologio-da-polso/feed/index.html</wfw:commentRss>
			<slash:comments>0</slash:comments>
		
		
			</item>
	</channel>
</rss>
