<?xml version="1.0" encoding="UTF-8"?><rss version="2.0"
	xmlns:content="http://purl.org/rss/1.0/modules/content/"
	xmlns:wfw="http://wellformedweb.org/CommentAPI/"
	xmlns:dc="http://purl.org/dc/elements/1.1/"
	xmlns:atom="http://www.w3.org/2005/Atom"
	xmlns:sy="http://purl.org/rss/1.0/modules/syndication/"
	xmlns:slash="http://purl.org/rss/1.0/modules/slash/"
	>

<channel>
	<title>Argento &#8211; Class Watch</title>
	<atom:link href="./index.html" rel="self" type="application/rss+xml" />
	<link>./../../../index.html</link>
	<description></description>
	<lastBuildDate>Wed, 22 Mar 2023 17:35:33 +0000</lastBuildDate>
	<language>it-IT</language>
	<sy:updatePeriod>
	hourly	</sy:updatePeriod>
	<sy:updateFrequency>
	1	</sy:updateFrequency>
	<generator>https://wordpress.org/?v=6.1.1</generator>
	<item>
		<title>&#8220;Finet&#8221; Orologio da Polso</title>
		<link>./../../../prodotto/finet-orologio-da-polso/index.html</link>
					<comments>./../../../prodotto/finet-orologio-da-polso/index.html#respond</comments>
		
		<dc:creator><![CDATA[Jay]]></dc:creator>
		<pubDate>Wed, 22 Mar 2023 14:27:12 +0000</pubDate>
				<guid isPermaLink="false">./../../../index.html?post_type=product#038;p=16</guid>

					<description><![CDATA[L'orologio di lusso disponibile in colorazioni nero, argento e oro è un'opera d'arte per il polso. Il design elegante e raffinato è studiato nei minimi dettagli per soddisfare i gusti dei veri intenditori. La sua forma snella e sottile non lo rende ingombrante come altri orologi, ma lo fa apparire ancora più prezioso e discreto.]]></description>
										<content:encoded><![CDATA[<p>L&#8217;orologio di lusso disponibile in colorazioni nero, argento e oro è un&#8217;opera d&#8217;arte per il polso. Il design elegante e raffinato è studiato nei minimi dettagli per soddisfare i gusti dei veri intenditori. La sua forma snella e sottile non lo rende ingombrante come altri orologi, ma lo fa apparire ancora più prezioso e discreto.</p>
<p>Il quadrante, con la sua finitura lucida, è adornato da eleganti indici a bastoncino, che conferiscono all&#8217;orologio un aspetto minimalista ma sofisticato. Le lancette, finemente lavorate, scorrono senza sforzo sui numeri, in modo che il tempo sia sempre leggibile in modo chiaro e preciso.</p>
<p>La cassa, realizzata in acciaio inossidabile di alta qualità, è disponibile in diverse colorazioni, tra cui il nero, l&#8217;argento e l&#8217;oro. Il cinturino in pelle di alta qualità è disponibile in tanti colori per adattarsi al proprio stile personale, mentre la fibbia a scomparsa rende facile la regolazione della misura del cinturino.</p>
<p>L&#8217;orologio di lusso è alimentato da un movimento svizzero di precisione, che garantisce l&#8217;affidabilità e l&#8217;accuratezza del tempo. Con la sua resistenza all&#8217;acqua fino a 50 metri, questo orologio è l&#8217;ideale per ogni occasione, dalle serate eleganti alle attività sportive all&#8217;aperto.</p>
<p>In sintesi, l&#8217;orologio di lusso disponibile in colorazioni nero, argento e oro è un capolavoro dell&#8217;orologeria che unisce stile, funzionalità e affidabilità in un unico prodotto elegante e raffinato.</p>
]]></content:encoded>
					
					<wfw:commentRss>./../../../prodotto/finet-orologio-da-polso/feed/index.html</wfw:commentRss>
			<slash:comments>0</slash:comments>
		
		
			</item>
	</channel>
</rss>
